{
  "generated_at": "2025-06-30T22:12:14.494010",
  "data_quality": {
    "total_records": 2111,
    "completeness": {
      "name_complete": 100.0,
      "price_complete": 82.66224538133586,
      "link_complete": 99.95262908574135,
      "availability_complete": 100.0
    },
    "validity": {
      "valid_prices": 1745,
      "invalid_prices": 0,
      "missing_prices": 366,
      "valid_links": 2110,
      "duplicate_products": 1503
    },
    "consistency": {
      "sources": {
        "laptop": 813,
        "iphone": 489,
        "samsung": 389,
        "macbook": 180,
        "gaming laptop": 180,
        "books": 60
      },
      "price_ranges_by_source": {
        "books": {
          "min": 12.84,
          "max": 57.31,
          "mean": 35.00266666666667,
          "count": 60
        },
        "iphone": {
          "min": 9.69,
          "max": 119000.0,
          "mean": 1384.9925382262998,
          "count": 327
        },
        "macbook": {
          "min": 21.39,
          "max": 6445.15,
          "mean": 594.6547647058824,
          "count": 170
        },
        "gaming laptop": {
          "min": 27.99,
          "max": 3045.51,
          "mean": 484.88478873239427,
          "count": 142
        },
        "laptop": {
          "min": 1.37,
          "max": 2399.99,
          "mean": 323.04446839080464,
          "count": 696
        },
        "samsung": {
          "min": 4.96,
          "max": 1937.32,
          "mean": 171.85959999999997,
          "count": 350
        }
      }
    }
  },
  "statistical_summaries": {
    "overall": {
      "total_products": 2111,
      "products_with_prices": 1745,
      "price_statistics": {
        "mean": 521.4484126074499,
        "median": 239.99,
        "std": 4931.731354927269,
        "min": 1.37,
        "max": 119000.0,
        "q25": 139.99,
        "q75": 389.99
      }
    },
    "by_source": {
      "books": {
        "total_products": 60,
        "products_with_prices": 60,
        "avg_price": 35.00266666666667,
        "price_range": {
          "min": 12.84,
          "max": 57.31
        }
      },
      "iphone": {
        "total_products": 489,
        "products_with_prices": 327,
        "avg_price": 1384.9925382262998,
        "price_range": {
          "min": 9.69,
          "max": 119000.0
        }
      },
      "macbook": {
        "total_products": 180,
        "products_with_prices": 170,
        "avg_price": 594.6547647058824,
        "price_range": {
          "min": 21.39,
          "max": 6445.15
        }
      },
      "gaming laptop": {
        "total_products": 180,
        "products_with_prices": 142,
        "avg_price": 484.88478873239427,
        "price_range": {
          "min": 27.99,
          "max": 3045.51
        }
      },
      "laptop": {
        "total_products": 813,
        "products_with_prices": 696,
        "avg_price": 323.04446839080464,
        "price_range": {
          "min": 1.37,
          "max": 2399.99
        }
      },
      "samsung": {
        "total_products": 389,
        "products_with_prices": 350,
        "avg_price": 171.85959999999997,
        "price_range": {
          "min": 4.96,
          "max": 1937.32
        }
      }
    },
    "price_distributions": {
      "bins": [
        1.37,
        11901.233000000002,
        23801.096,
        35700.95900000001,
        47600.82200000001,
        59500.685000000005,
        71400.54800000001,
        83300.41100000001,
        95200.274,
        107100.137,
        119000.0
      ],
      "counts": [
        1742,
        0,
        0,
        0,
        0,
        0,
        0,
        0,
        0,
        3
      ],
      "percentiles": {
        "p5": 14.99,
        "p10": 25.708000000000002,
        "p25": 139.99,
        "p50": 239.99,
        "p75": 389.99,
        "p90": 644.48,
        "p95": 849.0
      }
    },
    "temporal_analysis": {
      "scraping_by_hour": {
        "21.0": 480,
        "22.0": 240,
        "11.0": 60
      },
      "scraping_by_day": {
        "Monday": 720,
        "Sunday": 60
      },
      "date_range": {
        "earliest": "2025-06-29 11:53:36.673521",
        "latest": "2025-06-30 22:00:36.237878"
      }
    }
  },
  "price_analysis": {
    "outliers": [
      784.99,
      768.08,
      1179.0,
      768.95,
      1000.0,
      839.95,
      849.99,
      950.0,
      829.0,
      849.0,
      849.0,
      999.0,
      779.0,
      775.74,
      849.0,
      999.0,
      849.0,
      2158.9,
      949.0,
      879.12,
      1918.87,
      2158.9,
      929.0,
      969.0,
      6445.15,
      840.79,
      3427.63,
      949.0,
      2158.9,
      973.75,
      2604.67,
      819.0,
      3907.69,
      2433.22,
      2158.9,
      1918.87,
      2433.22,
      829.0,
      979.95,
      3215.03,
      836.49,
      839.0,
      789.0,
      837.84,
      782.83,
      1305.8,
      879.0,
      799.95,
      782.83,
      2082.49,
      846.99,
      979.49,
      3045.51,
      848.12,
      999.99,
      789.0,
      848.12,
      989.49,
      836.49,
      879.0,
      999.0,
      1816.29,
      2299.99,
      833.99,
      2399.99,
      799.0,
      1699.99,
      849.0,
      849.0,
      849.0,
      1619.99,
      1619.99,
      1619.99,
      1324.13,
      1300.0,
      1300.0,
      119000.0,
      802.83,
      784.99,
      849.0,
      849.0,
      849.0,
      1350.0,
      1619.99,
      1350.0,
      1619.99,
      1350.0,
      1619.99,
      949.99,
      1030.0,
      849.99,
      819.0,
      1937.32,
      1160.0,
      1053.1,
      1053.1,
      887.95,
      849.0,
      849.0,
      849.0,
      119000.0,
      784.99,
      802.83,
      849.0,
      849.0,
      849.0,
      1324.13,
      1300.0,
      119000.0,
      784.99,
      849.0,
      849.0,
      849.0,
      1324.13,
      1300.0,
      1400.0,
      1900.0,
      782.83,
      1299.99,
      1030.16
    ],
    "price_ranges": {
      "budget": {
        "min": 0,
        "max": 139.99,
        "count": 441,
        "percentage": 25.272206303724925
      },
      "mid-range": {
        "min": 139.99,
        "max": 389.99,
        "count": 882,
        "percentage": 50.54441260744985
      },
      "premium": {
        "min": 389.99,
        "max": 119000.0,
        "count": 448,
        "percentage": 25.673352435530084
      }
    },
    "outlier_detection": {
      "total_outliers": 120,
      "outlier_percentage": 6.876790830945559,